,joblinks
0,https://in.linkedin.com/jobs/view/saras-analytics-business-analyst-sql-python-at-saras-analytics-3806450511?refId=RuM5a8nvfgxYgvtMZB%2BRAA%3D%3D&trackingId=IAqHptsIYeOkVHJAY6hW9w%3D%3D&position=1&pageNum=0&trk=public_jobs_jserp-result_search-card
1,https://in.linkedin.com/jobs/view/senior-analyst-marketing-analytics-at-thomson-reuters-3798876952?refId=RuM5a8nvfgxYgvtMZB%2BRAA%3D%3D&trackingId=0om%2BPaLMINiHvaxfT32sng%3D%3D&position=2&pageNum=0&trk=public_jobs_jserp-result_search-card
2,https://in.linkedin.com/jobs/view/saras-analytics-market-research-analyst-at-saras-analytics-3810082518?refId=RuM5a8nvfgxYgvtMZB%2BRAA%3D%3D&trackingId=QMYnEzcMek%2FsAOtEQ%2FHSUg%3D%3D&position=3&pageNum=0&trk=public_jobs_jserp-result_search-card
3,https://in.linkedin.com/jobs/view/nxtwave-search-engine-optimization-analyst-at-nxtwave-3805349476?refId=RuM5a8nvfgxYgvtMZB%2BRAA%3D%3D&trackingId=lmB168J6DeUPVp6MsBy%2FJQ%3D%3D&position=4&pageNum=0&trk=public_jobs_jserp-result_search-card
4,https://in.linkedin.com/jobs/view/hire-senior-sem-analyst-hyderabad-at-angel-and-genie-3803851009?refId=RuM5a8nvfgxYgvtMZB%2BRAA%3D%3D&trackingId=Sw9VbsOnYf2vo%2BryUvKD4w%3D%3D&position=5&pageNum=0&trk=public_jobs_jserp-result_search-card
5,https://in.linkedin.com/jobs/view/senior-media-analyst-at-mnr-solutions-pvt-ltd-3786889245?refId=RuM5a8nvfgxYgvtMZB%2BRAA%3D%3D&trackingId=oxJhw0OG2QZ5u9TB4E4iHg%3D%3D&position=6&pageNum=0&trk=public_jobs_jserp-result_search-card
6,https://in.linkedin.com/jobs/view/business-consultant-data-analyst-sales-at-blue-yonder-3808174256?refId=RuM5a8nvfgxYgvtMZB%2BRAA%3D%3D&trackingId=cx9FIBTxv93UUrilhX8pPQ%3D%3D&position=7&pageNum=0&trk=public_jobs_jserp-result_search-card
7,https://in.linkedin.com/jobs/view/paid-marketing-analyst-at-distacart-3767556375?refId=RuM5a8nvfgxYgvtMZB%2BRAA%3D%3D&trackingId=bvMbxitRzAy24aBTAzuDrw%3D%3D&position=8&pageNum=0&trk=public_jobs_jserp-result_search-card
8,https://in.linkedin.com/jobs/view/sales-analyst-at-itc-limited-3787160530?refId=RuM5a8nvfgxYgvtMZB%2BRAA%3D%3D&trackingId=6zcQN1hv1sVWjl1ZW3lFzw%3D%3D&position=9&pageNum=0&trk=public_jobs_jserp-result_search-card
9,https://in.linkedin.com/jobs/view/digital-marketing-analyst-at-changeleaders-in-3712052174?refId=RuM5a8nvfgxYgvtMZB%2BRAA%3D%3D&trackingId=IJIKOlFz81jcWI0qZl6Atw%3D%3D&position=10&pageNum=0&trk=public_jobs_jserp-result_search-card
10,https://in.linkedin.com/jobs/view/business-and-data-analyst-manager-at-state-street-3800954300?refId=RuM5a8nvfgxYgvtMZB%2BRAA%3D%3D&trackingId=NqCZ4HOSaw7hAWc4G9F8Bw%3D%3D&position=11&pageNum=0&trk=public_jobs_jserp-result_search-card
11,https://in.linkedin.com/jobs/view/senior-data-analyst-get-a-30%25-salary-increase-pay-0%25-tax-at-puffy-3805413204?refId=RuM5a8nvfgxYgvtMZB%2BRAA%3D%3D&trackingId=3%2FKEr0l7hN4NXvS59nZwrw%3D%3D&position=12&pageNum=0&trk=public_jobs_jserp-result_search-card
12,https://in.linkedin.com/jobs/view/saras-analytics-business-analyst-at-saras-analytics-3809460184?refId=RuM5a8nvfgxYgvtMZB%2BRAA%3D%3D&trackingId=KzxZ%2FKUsPZZoSSQXXEowcg%3D%3D&position=13&pageNum=0&trk=public_jobs_jserp-result_search-card
13,https://in.linkedin.com/jobs/view/senior-analyst-cmg-marketing-instrumentation-data-products-at-deloitte-3803205090?refId=RuM5a8nvfgxYgvtMZB%2BRAA%3D%3D&trackingId=KrdVcx0ofeKlDHrzb55CBA%3D%3D&position=14&pageNum=0&trk=public_jobs_jserp-result_search-card
14,https://in.linkedin.com/jobs/view/analyst-digital-marketing-at-innovapptive-inc-3807772377?refId=RuM5a8nvfgxYgvtMZB%2BRAA%3D%3D&trackingId=%2FIxpIRC1BS0jQJq3OZDMTg%3D%3D&position=16&pageNum=0&trk=public_jobs_jserp-result_search-card
15,https://in.linkedin.com/jobs/view/market-research-analyst-at-starfish-accelerator-partners-3800559716?refId=RuM5a8nvfgxYgvtMZB%2BRAA%3D%3D&trackingId=3zP%2BsBH3C1NGRtAyplHp4A%3D%3D&position=17&pageNum=0&trk=public_jobs_jserp-result_search-card
16,https://in.linkedin.com/jobs/view/business-analyst-at-tech-mahindra-3796309648?refId=RuM5a8nvfgxYgvtMZB%2BRAA%3D%3D&trackingId=SuH6kT2L8BlsLP1YGzsu9w%3D%3D&position=18&pageNum=0&trk=public_jobs_jserp-result_search-card
17,https://in.linkedin.com/jobs/view/business-analyst-pc-at-fusion-plus-solutions-inc-3775974206?refId=RuM5a8nvfgxYgvtMZB%2BRAA%3D%3D&trackingId=XHc2Z1GHIdnJAPLvlJ7Rkw%3D%3D&position=19&pageNum=0&trk=public_jobs_jserp-result_search-card
18,https://in.linkedin.com/jobs/view/business-analyst-ajay-infosys-at-fusion-plus-solutions-inc-3794679599?refId=RuM5a8nvfgxYgvtMZB%2BRAA%3D%3D&trackingId=5apKWcStQs%2FP%2B6vgrr93Rw%3D%3D&position=20&pageNum=0&trk=public_jobs_jserp-result_search-card
19,https://in.linkedin.com/jobs/view/business-analyst-at-tech-mahindra-3796309649?refId=RuM5a8nvfgxYgvtMZB%2BRAA%3D%3D&trackingId=GW8SqYXAk248YSu1iSaZKg%3D%3D&position=21&pageNum=0&trk=public_jobs_jserp-result_search-card
20,https://in.linkedin.com/jobs/view/market-researcher-at-ok-lifecare-private-limited-3808857899?refId=RuM5a8nvfgxYgvtMZB%2BRAA%3D%3D&trackingId=Yah01hEWOPCGG7fKvNlGig%3D%3D&position=22&pageNum=0&trk=public_jobs_jserp-result_search-card
21,https://in.linkedin.com/jobs/view/seo-analyst-at-innovapptive-inc-3807767988?refId=RuM5a8nvfgxYgvtMZB%2BRAA%3D%3D&trackingId=aIQrHuhNWwFQmCkvUxA7Dg%3D%3D&position=24&pageNum=0&trk=public_jobs_jserp-result_search-card
22,https://in.linkedin.com/jobs/view/market-research-analyst-consumer-products-hyderabad-or-gurgaon-at-capital-placement-services-gurgaon-delhi-noida-manesar-bawal-neemrana-bhiwadi-sohna-road-3792380975?refId=RuM5a8nvfgxYgvtMZB%2BRAA%3D%3D&trackingId=BxvPiO8Eb5xdKJr0E%2FqQWQ%3D%3D&position=25&pageNum=0&trk=public_jobs_jserp-result_search-card
23,https://in.linkedin.com/jobs/view/search-engine-optimization-analyst-at-hire-wings-3792621652?refId=zrhEVyiPinwGerFr6BB27g%3D%3D&trackingId=o93EzqDiZAZW29MFUtnd%2BQ%3D%3D&position=1&pageNum=1&trk=public_jobs_jserp-result_search-card
24,https://in.linkedin.com/jobs/view/gtm-analytics-lead-at-keka-hr-3808417605?refId=zrhEVyiPinwGerFr6BB27g%3D%3D&trackingId=Fhi%2FJCYfpQ4PO5u5Rhtzaw%3D%3D&position=2&pageNum=1&trk=public_jobs_jserp-result_search-card
25,https://in.linkedin.com/jobs/view/marketing-and-sales-analyst-at-transgraph-consulting-pvt-ltd-3800926480?refId=zrhEVyiPinwGerFr6BB27g%3D%3D&trackingId=aVLl4sgfswXLZSHoIr051A%3D%3D&position=3&pageNum=1&trk=public_jobs_jserp-result_search-card
26,https://in.linkedin.com/jobs/view/business-analyst-at-bpmlinks-3809489985?refId=zrhEVyiPinwGerFr6BB27g%3D%3D&trackingId=iZL9Nrm6Y%2F9nEHNCYtGpbg%3D%3D&position=4&pageNum=1&trk=public_jobs_jserp-result_search-card
27,https://in.linkedin.com/jobs/view/digital-marketing-analyst-at-golden-staffing-solutions-3810457353?refId=zrhEVyiPinwGerFr6BB27g%3D%3D&trackingId=sVzAo2gbI77qG9cR44nKQw%3D%3D&position=5&pageNum=1&trk=public_jobs_jserp-result_search-card
28,https://in.linkedin.com/jobs/view/market-research-analyst-at-saras-analytics-3808410711?refId=zrhEVyiPinwGerFr6BB27g%3D%3D&trackingId=DSp6vbUJfOlVSKsnYrqwow%3D%3D&position=6&pageNum=1&trk=public_jobs_jserp-result_search-card
29,https://in.linkedin.com/jobs/view/campaign-management-analyst-campaign-management-at-accenture-in-india-3803520486?refId=zrhEVyiPinwGerFr6BB27g%3D%3D&trackingId=gk7JJWq85iM8E%2BEedUx9Zg%3D%3D&position=7&pageNum=1&trk=public_jobs_jserp-result_search-card
30,https://in.linkedin.com/jobs/view/business-analyst-at-franklin-templeton-india-3765592744?refId=zrhEVyiPinwGerFr6BB27g%3D%3D&trackingId=NV%2Fk1gC7urB%2FWfMSWtqAKQ%3D%3D&position=8&pageNum=1&trk=public_jobs_jserp-result_search-card
31,https://in.linkedin.com/jobs/view/business-analyst-at-future-skills-3811120151?refId=zrhEVyiPinwGerFr6BB27g%3D%3D&trackingId=MCiCbGoZF5D5SGo7B5rETQ%3D%3D&position=9&pageNum=1&trk=public_jobs_jserp-result_search-card
32,https://in.linkedin.com/jobs/view/business-analyst-at-mosachi-3803628980?refId=zrhEVyiPinwGerFr6BB27g%3D%3D&trackingId=HrM48fo%2BZDLdBAI1fdC2cQ%3D%3D&position=10&pageNum=1&trk=public_jobs_jserp-result_search-card
33,https://in.linkedin.com/jobs/view/business-analyst-transaction-tax-compliance-at-ryan-3751287746?refId=zrhEVyiPinwGerFr6BB27g%3D%3D&trackingId=HvFwmQpsywMReZxezWcctA%3D%3D&position=11&pageNum=1&trk=public_jobs_jserp-result_search-card
34,https://in.linkedin.com/jobs/view/business-analyst-1-analytics-operations-and-programs-aop-at-amazon-3804807409?refId=zrhEVyiPinwGerFr6BB27g%3D%3D&trackingId=%2FKQZsA8e8S%2FwHkJumJXiLA%3D%3D&position=12&pageNum=1&trk=public_jobs_jserp-result_search-card
35,https://in.linkedin.com/jobs/view/digital-marketing-analyst-at-tvisha-technologies-incorporation-3792619589?refId=zrhEVyiPinwGerFr6BB27g%3D%3D&trackingId=m914WNx7bot2jDAkPSdfmw%3D%3D&position=13&pageNum=1&trk=public_jobs_jserp-result_search-card
36,https://in.linkedin.com/jobs/view/business-analyst-clinical-us-healthcare-at-yo-hr-consultancy-3593854538?refId=zrhEVyiPinwGerFr6BB27g%3D%3D&trackingId=pVhrgXJm9Fqxez2HKxSC5g%3D%3D&position=14&pageNum=1&trk=public_jobs_jserp-result_search-card
37,https://in.linkedin.com/jobs/view/business-analyst-at-pro-vigil-surveillance-services-3798636898?refId=zrhEVyiPinwGerFr6BB27g%3D%3D&trackingId=tmu5JoIOzrYtEwQMmPyktw%3D%3D&position=15&pageNum=1&trk=public_jobs_jserp-result_search-card
38,https://in.linkedin.com/jobs/view/business-analyst-ii-brand-protection-at-amazon-3759752516?refId=zrhEVyiPinwGerFr6BB27g%3D%3D&trackingId=wk%2BZpZsp%2BF%2FAuf17jG8kyQ%3D%3D&position=16&pageNum=1&trk=public_jobs_jserp-result_search-card
39,https://in.linkedin.com/jobs/view/senior-sem-analyst-hyderabad-at-angel-and-genie-3791606571?refId=zrhEVyiPinwGerFr6BB27g%3D%3D&trackingId=aZO0gOnJxUMpJT%2FW7W%2B%2F7g%3D%3D&position=17&pageNum=1&trk=public_jobs_jserp-result_search-card
40,https://in.linkedin.com/jobs/view/business-analyst-at-multi-recruit-3767396720?refId=zrhEVyiPinwGerFr6BB27g%3D%3D&trackingId=uExy63MS9hV0D4vv%2BPw7Kg%3D%3D&position=18&pageNum=1&trk=public_jobs_jserp-result_search-card
41,https://in.linkedin.com/jobs/view/campaign-management-analyst-campaign-management-at-accenture-in-india-3775591360?refId=zrhEVyiPinwGerFr6BB27g%3D%3D&trackingId=C5T2syfvdzGBWYFmncyv8Q%3D%3D&position=19&pageNum=1&trk=public_jobs_jserp-result_search-card
42,https://in.linkedin.com/jobs/view/business-analyst-at-urban-living-development-management-3792626470?refId=zrhEVyiPinwGerFr6BB27g%3D%3D&trackingId=oz85NBcQsrKKoIpoc6U3yQ%3D%3D&position=20&pageNum=1&trk=public_jobs_jserp-result_search-card
43,https://in.linkedin.com/jobs/view/business-analyst-at-ideslabs-private-limited-3800202087?refId=zrhEVyiPinwGerFr6BB27g%3D%3D&trackingId=JYeNI3IqnVc%2B5xzFuOev3Q%3D%3D&position=21&pageNum=1&trk=public_jobs_jserp-result_search-card
44,https://in.linkedin.com/jobs/view/business-analyst-product-at-buzzboard-3787752430?refId=zrhEVyiPinwGerFr6BB27g%3D%3D&trackingId=vOzZKWWKGjB5D1eFm6XHaA%3D%3D&position=22&pageNum=1&trk=public_jobs_jserp-result_search-card
45,https://in.linkedin.com/jobs/view/executive-manager-promo-ai-business-analyst-at-pepsico-3778906333?refId=zrhEVyiPinwGerFr6BB27g%3D%3D&trackingId=izeeN%2BN9sDiLGycQIcZ4Fw%3D%3D&position=24&pageNum=1&trk=public_jobs_jserp-result_search-card
46,https://in.linkedin.com/jobs/view/business-analyst-at-fusion-plus-solutions-inc-3782204987?refId=zrhEVyiPinwGerFr6BB27g%3D%3D&trackingId=D29joyVUoX2fCqyhxY%2BmyA%3D%3D&position=25&pageNum=1&trk=public_jobs_jserp-result_search-card
47,https://in.linkedin.com/jobs/view/business-analyst-ii-at-amazon-3774860251?refId=OwaxOuxx%2B5hgOC0FBcIa%2Fg%3D%3D&trackingId=6lzDUhcXC3J9yugqPFPuJw%3D%3D&position=1&pageNum=2&trk=public_jobs_jserp-result_search-card
48,https://in.linkedin.com/jobs/view/business-analyst-at-tvisha-technologies-incorporation-3792619633?refId=OwaxOuxx%2B5hgOC0FBcIa%2Fg%3D%3D&trackingId=2I0leXNoeuRUdIZWICE9xg%3D%3D&position=2&pageNum=2&trk=public_jobs_jserp-result_search-card
49,https://in.linkedin.com/jobs/view/business-analyst-nas-at-skillety-3626320376?refId=OwaxOuxx%2B5hgOC0FBcIa%2Fg%3D%3D&trackingId=fUXzXSr7Zrm6Vj009em1vA%3D%3D&position=3&pageNum=2&trk=public_jobs_jserp-result_search-card
50,https://in.linkedin.com/jobs/view/market-research-analyst-at-rimini-street-3803664568?refId=OwaxOuxx%2B5hgOC0FBcIa%2Fg%3D%3D&trackingId=ok08Ji5Y%2B9zmnHbsyPdZsA%3D%3D&position=4&pageNum=2&trk=public_jobs_jserp-result_search-card
51,https://in.linkedin.com/jobs/view/market-research-analyst-cpg-fmcg-for-us-mnc-in-hyderabad-or-gurgaon-at-capital-placement-services-gurgaon-delhi-noida-manesar-bawal-neemrana-bhiwadi-sohna-road-3792385274?refId=OwaxOuxx%2B5hgOC0FBcIa%2Fg%3D%3D&trackingId=qUJDzsFuFhI3UaxyBruJ1g%3D%3D&position=6&pageNum=2&trk=public_jobs_jserp-result_search-card
52,https://in.linkedin.com/jobs/view/business-analyst-at-algonox-technologies-3804097766?refId=OwaxOuxx%2B5hgOC0FBcIa%2Fg%3D%3D&trackingId=urjH%2B%2F3A9z71sqFIBhxqQQ%3D%3D&position=7&pageNum=2&trk=public_jobs_jserp-result_search-card
53,https://in.linkedin.com/jobs/view/business-analyst-at-fusion-plus-solutions-inc-3789572374?refId=OwaxOuxx%2B5hgOC0FBcIa%2Fg%3D%3D&trackingId=3ZlMBWTeVAwTO2zxx8pMwg%3D%3D&position=8&pageNum=2&trk=public_jobs_jserp-result_search-card
54,https://in.linkedin.com/jobs/view/business-analyst-treasury-finance-at-dexian-3806421530?refId=OwaxOuxx%2B5hgOC0FBcIa%2Fg%3D%3D&trackingId=2NSj1PnB4D1J2NDjeZe8OA%3D%3D&position=9&pageNum=2&trk=public_jobs_jserp-result_search-card
55,https://in.linkedin.com/jobs/view/business-analyst-at-fusion-plus-solutions-inc-3793593964?refId=OwaxOuxx%2B5hgOC0FBcIa%2Fg%3D%3D&trackingId=Fvuu%2FBfUTqsd64d%2Bu7ObqA%3D%3D&position=10&pageNum=2&trk=public_jobs_jserp-result_search-card
56,https://in.linkedin.com/jobs/view/business-analyst-at-streetmark-info-solutions-3627618777?refId=OwaxOuxx%2B5hgOC0FBcIa%2Fg%3D%3D&trackingId=vMgHHTaerJqWf%2FBtnb2ESA%3D%3D&position=11&pageNum=2&trk=public_jobs_jserp-result_search-card
57,https://in.linkedin.com/jobs/view/business-analyst-application-owner-at-zettamine-labs-pvt-ltd-3792626529?refId=OwaxOuxx%2B5hgOC0FBcIa%2Fg%3D%3D&trackingId=gZWJPZANcaFmVNnLDNZ%2BzA%3D%3D&position=12&pageNum=2&trk=public_jobs_jserp-result_search-card
58,https://in.linkedin.com/jobs/view/business-analyst-i-field-medical-at-bristol-myers-squibb-3809879867?refId=OwaxOuxx%2B5hgOC0FBcIa%2Fg%3D%3D&trackingId=CHcQ38yeITys5w866xTf5Q%3D%3D&position=13&pageNum=2&trk=public_jobs_jserp-result_search-card
59,https://in.linkedin.com/jobs/view/major-markets-canada-analyst-ii-forecasting-analyst-t500-10253-at-bristol-myers-squibb-3807695698?refId=OwaxOuxx%2B5hgOC0FBcIa%2Fg%3D%3D&trackingId=Z4bbxWtLctb2Wy5Y4smusA%3D%3D&position=14&pageNum=2&trk=public_jobs_jserp-result_search-card
60,https://in.linkedin.com/jobs/view/business-analyst-at-massmutual-india-3799074924?refId=OwaxOuxx%2B5hgOC0FBcIa%2Fg%3D%3D&trackingId=c8GCIIjhWrt3%2BPkx0cDJEQ%3D%3D&position=15&pageNum=2&trk=public_jobs_jserp-result_search-card
61,https://in.linkedin.com/jobs/view/business-analyst-at-frugal-testing-3739048428?refId=OwaxOuxx%2B5hgOC0FBcIa%2Fg%3D%3D&trackingId=SwkX%2BjkfCc62wNrjDDvp%2BA%3D%3D&position=16&pageNum=2&trk=public_jobs_jserp-result_search-card
62,https://in.linkedin.com/jobs/view/business-analyst-at-cipher-oncology-pvt-ltd-3673495192?refId=OwaxOuxx%2B5hgOC0FBcIa%2Fg%3D%3D&trackingId=gKmQMXie%2BvhW30Li9LfuJw%3D%3D&position=17&pageNum=2&trk=public_jobs_jserp-result_search-card
63,https://in.linkedin.com/jobs/view/business-analyst-at-mtx-group-3738204596?refId=OwaxOuxx%2B5hgOC0FBcIa%2Fg%3D%3D&trackingId=Q4Pkk6letIhE9wrE0bNYKA%3D%3D&position=18&pageNum=2&trk=public_jobs_jserp-result_search-card
64,https://in.linkedin.com/jobs/view/business-analyst-at-ideslabs-private-limited-3755215312?refId=OwaxOuxx%2B5hgOC0FBcIa%2Fg%3D%3D&trackingId=wGuYh0AgKM5gCWKIELoz%2FA%3D%3D&position=19&pageNum=2&trk=public_jobs_jserp-result_search-card
65,https://in.linkedin.com/jobs/view/business-analyst-at-head-digital-works-3744353861?refId=OwaxOuxx%2B5hgOC0FBcIa%2Fg%3D%3D&trackingId=%2FABv%2FPw6c1jc4ENsrD9I2Q%3D%3D&position=20&pageNum=2&trk=public_jobs_jserp-result_search-card
66,https://in.linkedin.com/jobs/view/business-analyst-at-fusion-plus-solutions-inc-3777373708?refId=OwaxOuxx%2B5hgOC0FBcIa%2Fg%3D%3D&trackingId=h4xcxBc5oNd6Ma9iLWRCoQ%3D%3D&position=21&pageNum=2&trk=public_jobs_jserp-result_search-card
67,https://in.linkedin.com/jobs/view/business-analysis-at-alp-consulting-ltd-3734128027?refId=OwaxOuxx%2B5hgOC0FBcIa%2Fg%3D%3D&trackingId=KoUHh0kOEA%2FbY52iB4CdBA%3D%3D&position=22&pageNum=2&trk=public_jobs_jserp-result_search-card
68,https://in.linkedin.com/jobs/view/market-research-analyst-consumer-products-hyderabad-or-gurgaon-at-capital-placement-services-gurgaon-delhi-noida-manesar-bawal-neemrana-bhiwadi-sohna-road-3792380999?refId=OwaxOuxx%2B5hgOC0FBcIa%2Fg%3D%3D&trackingId=aKwWTWZNgvC%2FU%2FS8mumAFg%3D%3D&position=23&pageNum=2&trk=public_jobs_jserp-result_search-card
69,https://in.linkedin.com/jobs/view/business-analyst-at-fusion-plus-solutions-inc-3769087202?refId=OwaxOuxx%2B5hgOC0FBcIa%2Fg%3D%3D&trackingId=z5rViLeFq9HR2QKyWg40yw%3D%3D&position=24&pageNum=2&trk=public_jobs_jserp-result_search-card
70,https://in.linkedin.com/jobs/view/business-analyst-at-beyond-pinks-3656594743?refId=OwaxOuxx%2B5hgOC0FBcIa%2Fg%3D%3D&trackingId=cF4duI4LFScR76VDIsJ9%2Bw%3D%3D&position=25&pageNum=2&trk=public_jobs_jserp-result_search-card
71,https://in.linkedin.com/jobs/view/jv-ventures-marketing-analyst-at-jv-ventures-3793208180?refId=aOKMblr0ZZu8tyF2DXIPdA%3D%3D&trackingId=0P69zMXYO5FN4LDtuxIeXw%3D%3D&position=1&pageNum=3&trk=public_jobs_jserp-result_search-card
72,https://in.linkedin.com/jobs/view/business-analyst-at-inventionyard-3678197854?refId=aOKMblr0ZZu8tyF2DXIPdA%3D%3D&trackingId=yDQndKAjA0Nelo14w7n%2F%2Bg%3D%3D&position=2&pageNum=3&trk=public_jobs_jserp-result_search-card
73,https://in.linkedin.com/jobs/view/ba-da-at-infovision-inc-3798393152?refId=aOKMblr0ZZu8tyF2DXIPdA%3D%3D&trackingId=wVN%2Bzg36eLOQ04Pcx8qT6w%3D%3D&position=3&pageNum=3&trk=public_jobs_jserp-result_search-card
74,https://in.linkedin.com/jobs/view/business-analyst-at-accellor-3627627272?refId=aOKMblr0ZZu8tyF2DXIPdA%3D%3D&trackingId=YsLwTOVpL3x%2Bxa%2Fc0FygzA%3D%3D&position=4&pageNum=3&trk=public_jobs_jserp-result_search-card
75,https://in.linkedin.com/jobs/view/business-analyst-at-people-prime-worldwide-3792606126?refId=aOKMblr0ZZu8tyF2DXIPdA%3D%3D&trackingId=oDoVPpCDdj16Gioyf2s9fg%3D%3D&position=5&pageNum=3&trk=public_jobs_jserp-result_search-card
76,https://in.linkedin.com/jobs/view/business-analyst-serole-technologies-at-serole-technologies-3800919361?refId=aOKMblr0ZZu8tyF2DXIPdA%3D%3D&trackingId=EA9u7u0M7FicGh7F1k9rRw%3D%3D&position=6&pageNum=3&trk=public_jobs_jserp-result_search-card
77,https://in.linkedin.com/jobs/view/business-analyst-at-computer-software-solutions-international-llc-3792384747?refId=aOKMblr0ZZu8tyF2DXIPdA%3D%3D&trackingId=%2BaWzXaoLQVZHfZSARj33nQ%3D%3D&position=7&pageNum=3&trk=public_jobs_jserp-result_search-card
78,https://in.linkedin.com/jobs/view/business-analyst-at-tvisha-technologies-incorporation-3792622178?refId=aOKMblr0ZZu8tyF2DXIPdA%3D%3D&trackingId=xK3pkx5ZLgTvu9hmtJnzSg%3D%3D&position=8&pageNum=3&trk=public_jobs_jserp-result_search-card
79,https://in.linkedin.com/jobs/view/business-analyst-at-shamira-talent-solution-llp-3792617571?refId=aOKMblr0ZZu8tyF2DXIPdA%3D%3D&trackingId=rhZv85awuZhIhcLymNl26g%3D%3D&position=9&pageNum=3&trk=public_jobs_jserp-result_search-card
80,https://in.linkedin.com/jobs/view/leads-management-am-central-leads-management-team-isg-at-amazon-3801103852?refId=aOKMblr0ZZu8tyF2DXIPdA%3D%3D&trackingId=pf8XcpNEyMokkU%2Fd3zYPhQ%3D%3D&position=10&pageNum=3&trk=public_jobs_jserp-result_search-card
81,https://in.linkedin.com/jobs/view/lkn-for-bussiness-analyst-1-plus-exp-at-revalsys-technologies-3799535327?refId=aOKMblr0ZZu8tyF2DXIPdA%3D%3D&trackingId=H4MP6KfX83ORck5uL287eQ%3D%3D&position=11&pageNum=3&trk=public_jobs_jserp-result_search-card
82,https://in.linkedin.com/jobs/view/looking-for-1-plus-years-exp-business-analyst-at-revalsys-technologies-3803172527?refId=aOKMblr0ZZu8tyF2DXIPdA%3D%3D&trackingId=iJir2889E%2FFGW%2BcuH9hT%2BQ%3D%3D&position=12&pageNum=3&trk=public_jobs_jserp-result_search-card
83,https://in.linkedin.com/jobs/view/business-analyst-finops-gar-assurance-at-amazon-3749374899?refId=aOKMblr0ZZu8tyF2DXIPdA%3D%3D&trackingId=6hsrY2XDHHfeM2M2qfwosA%3D%3D&position=13&pageNum=3&trk=public_jobs_jserp-result_search-card
84,https://in.linkedin.com/jobs/view/business-analyst-at-tvisha-technologies-incorporation-3792615821?refId=aOKMblr0ZZu8tyF2DXIPdA%3D%3D&trackingId=8O0KW3oyEkTSskemY1m5kA%3D%3D&position=14&pageNum=3&trk=public_jobs_jserp-result_search-card
85,https://in.linkedin.com/jobs/view/p-c-experience-business-analyst-at-fusion-plus-solutions-inc-3777023582?refId=aOKMblr0ZZu8tyF2DXIPdA%3D%3D&trackingId=Q%2BgSVAWpaujVqVj%2FLtsPNw%3D%3D&position=15&pageNum=3&trk=public_jobs_jserp-result_search-card
86,https://in.linkedin.com/jobs/view/senior-marketing-analyst-at-camp-systems-international-inc-3808136215?refId=aOKMblr0ZZu8tyF2DXIPdA%3D%3D&trackingId=8d825zCrJUpkxpNFBiGJsA%3D%3D&position=16&pageNum=3&trk=public_jobs_jserp-result_search-card
87,https://in.linkedin.com/jobs/view/business-analyst-at-hirextra-world-s-first-staffing-aggregator-3704032725?refId=aOKMblr0ZZu8tyF2DXIPdA%3D%3D&trackingId=%2Bej5XYQq9ABeioEkIoYBKg%3D%3D&position=17&pageNum=3&trk=public_jobs_jserp-result_search-card
88,https://in.linkedin.com/jobs/view/business-analyst-at-skillety-3682680947?refId=aOKMblr0ZZu8tyF2DXIPdA%3D%3D&trackingId=6Sp1D%2FVifVaafmnN9E%2FNVA%3D%3D&position=18&pageNum=3&trk=public_jobs_jserp-result_search-card
89,https://in.linkedin.com/jobs/view/business-analyst-at-fertis-india-private-limited-3792395159?refId=aOKMblr0ZZu8tyF2DXIPdA%3D%3D&trackingId=kBUETEl57jhe4EQzsv%2BSbg%3D%3D&position=19&pageNum=3&trk=public_jobs_jserp-result_search-card
90,https://in.linkedin.com/jobs/view/technology-business-analyst-data-science-at-novartis-india-3802754961?refId=aOKMblr0ZZu8tyF2DXIPdA%3D%3D&trackingId=OA7lHcZG8pdRmBZA7h6IGA%3D%3D&position=20&pageNum=3&trk=public_jobs_jserp-result_search-card
91,https://in.linkedin.com/jobs/view/business-analyst-1-plus-exp-at-revalsys-technologies-3797110795?refId=aOKMblr0ZZu8tyF2DXIPdA%3D%3D&trackingId=9GMtLNCOEJwnE4q3E1m4Gg%3D%3D&position=21&pageNum=3&trk=public_jobs_jserp-result_search-card
92,https://in.linkedin.com/jobs/view/business-analyst-at-computer-software-solutions-international-llc-3759300800?refId=aOKMblr0ZZu8tyF2DXIPdA%3D%3D&trackingId=%2B2JKJSJCeih6RQp4itxjzw%3D%3D&position=22&pageNum=3&trk=public_jobs_jserp-result_search-card
93,https://in.linkedin.com/jobs/view/business-analyst-iii-at-realpage-inc-3810318209?refId=aOKMblr0ZZu8tyF2DXIPdA%3D%3D&trackingId=qXIkF1ucGOiboRu2eJa5uw%3D%3D&position=23&pageNum=3&trk=public_jobs_jserp-result_search-card
94,https://in.linkedin.com/jobs/view/marketing-analyst-at-fusion-plus-solutions-inc-3768011650?refId=aOKMblr0ZZu8tyF2DXIPdA%3D%3D&trackingId=rNgx6kbQzvEPW1ItmFO4MQ%3D%3D&position=24&pageNum=3&trk=public_jobs_jserp-result_search-card
95,https://in.linkedin.com/jobs/view/business-analyst-dubai-uae-at-cobblestone-energy-3780712038?refId=aOKMblr0ZZu8tyF2DXIPdA%3D%3D&trackingId=0CNA1LX%2B%2FWaS92W6isJ4pg%3D%3D&position=25&pageNum=3&trk=public_jobs_jserp-result_search-card
96,https://in.linkedin.com/jobs/view/business-analyst-i-field-medical-at-bristol-myers-squibb-3806364684?refId=bcc7WT1dwUFOVNI0WApINQ%3D%3D&trackingId=Iuy3Ms2rfRkXuXQe%2Brdm1A%3D%3D&position=1&pageNum=4&trk=public_jobs_jserp-result_search-card
97,https://in.linkedin.com/jobs/view/business-analyst-1-at-zelis-3800577734?refId=bcc7WT1dwUFOVNI0WApINQ%3D%3D&trackingId=BIiJ29Udz80oN2HlXto5XA%3D%3D&position=2&pageNum=4&trk=public_jobs_jserp-result_search-card
98,https://in.linkedin.com/jobs/view/business-analyst-at-acess-meditech-private-limited-3634700725?refId=bcc7WT1dwUFOVNI0WApINQ%3D%3D&trackingId=kKQQ9HkkfnBQ2P3eQZSsbQ%3D%3D&position=3&pageNum=4&trk=public_jobs_jserp-result_search-card
99,https://in.linkedin.com/jobs/view/revalsys-technologies-business-analyst-at-revalsys-technologies-3799938669?refId=bcc7WT1dwUFOVNI0WApINQ%3D%3D&trackingId=lc8Zk7CKE%2Bk9v3Yuf5CK0A%3D%3D&position=4&pageNum=4&trk=public_jobs_jserp-result_search-card
100,https://in.linkedin.com/jobs/view/specialist-business-analyst-capital-market-at-talpro-leaders-in-technology-hiring-3779901547?refId=bcc7WT1dwUFOVNI0WApINQ%3D%3D&trackingId=9dUzzpqESb3mmU%2ByWj9qnQ%3D%3D&position=5&pageNum=4&trk=public_jobs_jserp-result_search-card
101,https://in.linkedin.com/jobs/view/business-analyst-iii-t-at-realpage-inc-3810315736?refId=bcc7WT1dwUFOVNI0WApINQ%3D%3D&trackingId=smNs9XP6QyA2rmXsi2RXmg%3D%3D&position=6&pageNum=4&trk=public_jobs_jserp-result_search-card
102,https://in.linkedin.com/jobs/view/payments-business-analyst-at-fusion-plus-solutions-inc-3793596498?refId=bcc7WT1dwUFOVNI0WApINQ%3D%3D&trackingId=I%2BJBrMYymImgkINT7%2B6Uhg%3D%3D&position=7&pageNum=4&trk=public_jobs_jserp-result_search-card
103,https://in.linkedin.com/jobs/view/looking-for-business-anlyst-1-%2B-exp-at-revalsys-technologies-3804303131?refId=bcc7WT1dwUFOVNI0WApINQ%3D%3D&trackingId=ZMJhlBKAXdRBnCrAxZikoA%3D%3D&position=8&pageNum=4&trk=public_jobs_jserp-result_search-card
104,https://in.linkedin.com/jobs/view/business-analyst-sfcm-at-skillety-3626323327?refId=bcc7WT1dwUFOVNI0WApINQ%3D%3D&trackingId=oscZXA57in3ukfO7cmHp7A%3D%3D&position=9&pageNum=4&trk=public_jobs_jserp-result_search-card
105,https://in.linkedin.com/jobs/view/business-analyst-edi-at-ciel-hr-3793687778?refId=bcc7WT1dwUFOVNI0WApINQ%3D%3D&trackingId=RUV7i44feGORkn%2FDunfCew%3D%3D&position=10&pageNum=4&trk=public_jobs_jserp-result_search-card
106,https://in.linkedin.com/jobs/view/business-analyst-at-computer-software-solutions-international-llc-3792383872?refId=bcc7WT1dwUFOVNI0WApINQ%3D%3D&trackingId=aL7%2BydvbyN%2FS5yXrBWmENw%3D%3D&position=11&pageNum=4&trk=public_jobs_jserp-result_search-card
107,https://in.linkedin.com/jobs/view/business-analyst-infosys-at-fusion-plus-solutions-inc-3777373745?refId=bcc7WT1dwUFOVNI0WApINQ%3D%3D&trackingId=sf04xFWnNZrlPVx3dtqsxQ%3D%3D&position=12&pageNum=4&trk=public_jobs_jserp-result_search-card
108,https://in.linkedin.com/jobs/view/business-analyst-at-computer-software-solutions-international-llc-3792387492?refId=bcc7WT1dwUFOVNI0WApINQ%3D%3D&trackingId=WcL6TuGyGU1Zyq%2BZCO0R9A%3D%3D&position=13&pageNum=4&trk=public_jobs_jserp-result_search-card
109,https://in.linkedin.com/jobs/view/business-analyst-in-banking-domain-at-highpoints-technologies-india-p-ltd-3763124274?refId=bcc7WT1dwUFOVNI0WApINQ%3D%3D&trackingId=%2B2EZ078KKjqYsNuiRScZwQ%3D%3D&position=14&pageNum=4&trk=public_jobs_jserp-result_search-card
110,https://in.linkedin.com/jobs/view/senior-analyst-product-marketing-at-innovapptive-inc-3807768700?refId=bcc7WT1dwUFOVNI0WApINQ%3D%3D&trackingId=Z31so2UFuSXwOh5DbdjyiA%3D%3D&position=15&pageNum=4&trk=public_jobs_jserp-result_search-card
111,https://in.linkedin.com/jobs/view/business-analyst-at-skillety-3626320364?refId=bcc7WT1dwUFOVNI0WApINQ%3D%3D&trackingId=zIWgORUSgiyzKPvogh0TJA%3D%3D&position=16&pageNum=4&trk=public_jobs_jserp-result_search-card
112,https://in.linkedin.com/jobs/view/business-analyst-product-engineering-at-mtx-group-3702389212?refId=bcc7WT1dwUFOVNI0WApINQ%3D%3D&trackingId=kmwCBbXa0fJKf3RzEaEk%2FA%3D%3D&position=17&pageNum=4&trk=public_jobs_jserp-result_search-card
113,https://in.linkedin.com/jobs/view/business-analyst-at-iq-eq-3801951608?refId=bcc7WT1dwUFOVNI0WApINQ%3D%3D&trackingId=nm1R%2FkHnZUl1dmQq5FU4rQ%3D%3D&position=18&pageNum=4&trk=public_jobs_jserp-result_search-card
114,https://in.linkedin.com/jobs/view/business-analyst-at-khumbu-systems-inc-3804537388?refId=bcc7WT1dwUFOVNI0WApINQ%3D%3D&trackingId=aoExKFYdIaOffhFIvES%2FDA%3D%3D&position=19&pageNum=4&trk=public_jobs_jserp-result_search-card
115,https://in.linkedin.com/jobs/view/business-analyst-at-alter-domus-3744783133?refId=bcc7WT1dwUFOVNI0WApINQ%3D%3D&trackingId=b9HzaFvaErzBU0yMNcKTZQ%3D%3D&position=20&pageNum=4&trk=public_jobs_jserp-result_search-card
116,https://in.linkedin.com/jobs/view/looking-for-bussiness-analyst-experienced-at-revalsys-technologies-3798739952?refId=bcc7WT1dwUFOVNI0WApINQ%3D%3D&trackingId=pseOdt40vTcDGCCj9N7Xfg%3D%3D&position=21&pageNum=4&trk=public_jobs_jserp-result_search-card
117,https://in.linkedin.com/jobs/view/business-analyst-payer-provider-us-healthcare-at-yo-hr-consultancy-3593849892?refId=bcc7WT1dwUFOVNI0WApINQ%3D%3D&trackingId=9I%2BVYZFareD1IFrVDyvpNA%3D%3D&position=22&pageNum=4&trk=public_jobs_jserp-result_search-card
118,https://in.linkedin.com/jobs/view/dev-business-analyst-at-infor-3720311317?refId=bcc7WT1dwUFOVNI0WApINQ%3D%3D&trackingId=cSRIkHhGE7CSgYpHtWGNKA%3D%3D&position=23&pageNum=4&trk=public_jobs_jserp-result_search-card
119,https://in.linkedin.com/jobs/view/business-analyst-experienced-at-revalsys-technologies-3797116143?refId=bcc7WT1dwUFOVNI0WApINQ%3D%3D&trackingId=IQyqHOCkq7Q%2B3Y%2B7nt51qw%3D%3D&position=24&pageNum=4&trk=public_jobs_jserp-result_search-card
120,https://in.linkedin.com/jobs/view/marketing-automation-execution-analyst-at-cyberark-3726639656?refId=bcc7WT1dwUFOVNI0WApINQ%3D%3D&trackingId=mRVfat7K4z8VTP94pAUVjQ%3D%3D&position=25&pageNum=4&trk=public_jobs_jserp-result_search-card
121,https://in.linkedin.com/jobs/view/business-analyst-at-kore-ai-3765623342?refId=BdotItF85jg9laWM4lBmng%3D%3D&trackingId=HNAwqWZwzAKLO4HPq2wTcA%3D%3D&position=1&pageNum=5&trk=public_jobs_jserp-result_search-card
122,https://in.linkedin.com/jobs/view/business-analyst-at-thinqor-solutions-3756162639?refId=BdotItF85jg9laWM4lBmng%3D%3D&trackingId=plXpIiaM7uYYqwyuQ6Etsg%3D%3D&position=2&pageNum=5&trk=public_jobs_jserp-result_search-card
123,https://in.linkedin.com/jobs/view/business-analyst-at-revalsys-technologies-3807125783?refId=BdotItF85jg9laWM4lBmng%3D%3D&trackingId=D9SmdgS9%2BrrGDurBiuJnKw%3D%3D&position=3&pageNum=5&trk=public_jobs_jserp-result_search-card
124,https://in.linkedin.com/jobs/view/looking-for-business-analyst-and-finance-executive-at-revalsys-technologies-3792033611?refId=BdotItF85jg9laWM4lBmng%3D%3D&trackingId=mHBJsogC533O11yYPrSfFQ%3D%3D&position=4&pageNum=5&trk=public_jobs_jserp-result_search-card
125,https://in.linkedin.com/jobs/view/business-analyst-iii-at-realpage-inc-3780196294?refId=BdotItF85jg9laWM4lBmng%3D%3D&trackingId=TroHlUL72pGUYlXNco6oNg%3D%3D&position=5&pageNum=5&trk=public_jobs_jserp-result_search-card
126,https://in.linkedin.com/jobs/view/business-analyst-with-rpa-at-ideslabs-private-limited-3793681359?refId=BdotItF85jg9laWM4lBmng%3D%3D&trackingId=Gjq%2BFToWvbyYkkJ8oyUzGw%3D%3D&position=6&pageNum=5&trk=public_jobs_jserp-result_search-card
127,https://in.linkedin.com/jobs/view/senior-business-analyst-hyderabad-at-gfl-recruitment-private-limited-3792817259?refId=BdotItF85jg9laWM4lBmng%3D%3D&trackingId=2zcztZWcoSqhH3hjiJ%2Fs2g%3D%3D&position=7&pageNum=5&trk=public_jobs_jserp-result_search-card
128,https://in.linkedin.com/jobs/view/business-analyst-iii-t-at-realpage-inc-3709441629?refId=BdotItF85jg9laWM4lBmng%3D%3D&trackingId=MVzWuFvt%2FSTZOOMUxs87oQ%3D%3D&position=8&pageNum=5&trk=public_jobs_jserp-result_search-card
129,https://in.linkedin.com/jobs/view/payments-business-analyst-at-fusion-plus-solutions-inc-3793595598?refId=BdotItF85jg9laWM4lBmng%3D%3D&trackingId=JtOY8irtI6UTtiJOS4c1gQ%3D%3D&position=9&pageNum=5&trk=public_jobs_jserp-result_search-card
130,https://in.linkedin.com/jobs/view/business-analyst-at-ideslabs-private-limited-3793681356?refId=BdotItF85jg9laWM4lBmng%3D%3D&trackingId=vUtE09R4Wnvyb4vGySBT4A%3D%3D&position=10&pageNum=5&trk=public_jobs_jserp-result_search-card
131,https://in.linkedin.com/jobs/view/associate-director-devit-clinical-analytics-business-analyst-at-novartis-india-3791298695?refId=BdotItF85jg9laWM4lBmng%3D%3D&trackingId=rzLc1QGM988vGYBT1lcoxw%3D%3D&position=11&pageNum=5&trk=public_jobs_jserp-result_search-card
132,https://in.linkedin.com/jobs/view/major-markets-canada-analyst-ii-forecasting-analyst-at-bristol-myers-squibb-3806367160?refId=BdotItF85jg9laWM4lBmng%3D%3D&trackingId=VPP8646vPvU5%2FaG0YYYp2Q%3D%3D&position=12&pageNum=5&trk=public_jobs_jserp-result_search-card
133,https://in.linkedin.com/jobs/view/business-analyst-ii-at-park-place-technologies-3729408953?refId=BdotItF85jg9laWM4lBmng%3D%3D&trackingId=j34pxUcqyBWZHOL%2B2ooDDQ%3D%3D&position=13&pageNum=5&trk=public_jobs_jserp-result_search-card
134,https://in.linkedin.com/jobs/view/marketing-automation-execution-analyst-at-cyberark-3777572848?refId=BdotItF85jg9laWM4lBmng%3D%3D&trackingId=fWzd5E7kDbUps27QADAeKg%3D%3D&position=14&pageNum=5&trk=public_jobs_jserp-result_search-card
135,https://in.linkedin.com/jobs/view/business-analyst-at-revalsys-technologies-3807128500?refId=BdotItF85jg9laWM4lBmng%3D%3D&trackingId=En9%2ByEoVZVhhUGiounqigQ%3D%3D&position=15&pageNum=5&trk=public_jobs_jserp-result_search-card
136,https://in.linkedin.com/jobs/view/business-analyst-at-skillety-3684387378?refId=BdotItF85jg9laWM4lBmng%3D%3D&trackingId=o4tsTZ28xv68PU484BAqcQ%3D%3D&position=16&pageNum=5&trk=public_jobs_jserp-result_search-card
137,https://in.linkedin.com/jobs/view/business-analyst-with-rpa-at-ideslabs-private-limited-3793678869?refId=BdotItF85jg9laWM4lBmng%3D%3D&trackingId=f9Ha62lNdgFoZ%2BqwIovoKw%3D%3D&position=17&pageNum=5&trk=public_jobs_jserp-result_search-card
138,https://in.linkedin.com/jobs/view/business-analyst-iii-at-realpage-inc-3796847472?refId=BdotItF85jg9laWM4lBmng%3D%3D&trackingId=%2FuRx2%2F8YsDnuG%2B35S3NfaQ%3D%3D&position=18&pageNum=5&trk=public_jobs_jserp-result_search-card
139,https://in.linkedin.com/jobs/view/business-analyst-ba-b-com-freshers-at-artmac-3810024832?refId=BdotItF85jg9laWM4lBmng%3D%3D&trackingId=vqUSAhmX6m44Mqr1BbuBoA%3D%3D&position=19&pageNum=5&trk=public_jobs_jserp-result_search-card
140,https://in.linkedin.com/jobs/view/business-analyst-iii-at-realpage-inc-3807702695?refId=BdotItF85jg9laWM4lBmng%3D%3D&trackingId=qYKq7ocxnbTrj%2B1UdXVtHA%3D%3D&position=20&pageNum=5&trk=public_jobs_jserp-result_search-card
141,https://in.linkedin.com/jobs/view/business-analyst-at-fusion-plus-solutions-inc-3768015980?refId=BdotItF85jg9laWM4lBmng%3D%3D&trackingId=a47fs9yfv2zeJ1ICCvh83g%3D%3D&position=21&pageNum=5&trk=public_jobs_jserp-result_search-card
142,https://in.linkedin.com/jobs/view/business-analyst-0-1-yrs-at-business-labs-3767621495?refId=BdotItF85jg9laWM4lBmng%3D%3D&trackingId=UMU6SuD7mIJEHRcC1irN0w%3D%3D&position=22&pageNum=5&trk=public_jobs_jserp-result_search-card
143,https://in.linkedin.com/jobs/view/business-analyst-at-fusion-plus-solutions-inc-3768011040?refId=BdotItF85jg9laWM4lBmng%3D%3D&trackingId=X1AuEtt4NhI6U5xfl2WSJA%3D%3D&position=23&pageNum=5&trk=public_jobs_jserp-result_search-card
144,https://in.linkedin.com/jobs/view/business-analyst-at-skill-demand-3780700418?refId=BdotItF85jg9laWM4lBmng%3D%3D&trackingId=rYw%2FQ3a6sGEJRN7ecCSdfQ%3D%3D&position=24&pageNum=5&trk=public_jobs_jserp-result_search-card
145,https://in.linkedin.com/jobs/view/business-analyst-at-fusion-plus-solutions-inc-3768006991?refId=BdotItF85jg9laWM4lBmng%3D%3D&trackingId=MX2yYHuNf6RFNHarJs%2Bv%2BQ%3D%3D&position=25&pageNum=5&trk=public_jobs_jserp-result_search-card
146,https://in.linkedin.com/jobs/view/business-analyst-with-us-healthcare-at-ideslabs-private-limited-3793688263?refId=C028Q%2F9sjCbrrrRXmWxWDw%3D%3D&trackingId=3UudY%2BfOp4Hud2ncg0T8aA%3D%3D&position=1&pageNum=6&trk=public_jobs_jserp-result_search-card
147,https://in.linkedin.com/jobs/view/business-analyst-product-owner-at-federal-soft-systems-inc-3723904325?refId=C028Q%2F9sjCbrrrRXmWxWDw%3D%3D&trackingId=x3GUhZinvTCekYOQzID2fw%3D%3D&position=2&pageNum=6&trk=public_jobs_jserp-result_search-card
148,https://in.linkedin.com/jobs/view/business-analysts-at-fusion-plus-solutions-inc-3768015048?refId=C028Q%2F9sjCbrrrRXmWxWDw%3D%3D&trackingId=e1EQEeijIHtTV46mGJFWiQ%3D%3D&position=3&pageNum=6&trk=public_jobs_jserp-result_search-card
149,https://in.linkedin.com/jobs/view/business-analyst-at-fusion-plus-solutions-inc-3768022110?refId=C028Q%2F9sjCbrrrRXmWxWDw%3D%3D&trackingId=EWm%2F5cDF8okzt3V%2FSRJYKQ%3D%3D&position=4&pageNum=6&trk=public_jobs_jserp-result_search-card
150,https://in.linkedin.com/jobs/view/senior-analyst-market-research-at-harsco-corporation-3711966037?refId=C028Q%2F9sjCbrrrRXmWxWDw%3D%3D&trackingId=9Cg6iEHvekJstVarhPc4JQ%3D%3D&position=5&pageNum=6&trk=public_jobs_jserp-result_search-card
151,https://in.linkedin.com/jobs/view/business-analyst-iii-at-realpage-inc-3807703433?refId=C028Q%2F9sjCbrrrRXmWxWDw%3D%3D&trackingId=MKecyyVf5%2BO1TBcActq2Og%3D%3D&position=6&pageNum=6&trk=public_jobs_jserp-result_search-card
152,https://in.linkedin.com/jobs/view/business-analyst-at-margadarsi-chit-fund-private-limited-3678199466?refId=C028Q%2F9sjCbrrrRXmWxWDw%3D%3D&trackingId=UvlTs5lPWn0yfsQM3HMvtQ%3D%3D&position=7&pageNum=6&trk=public_jobs_jserp-result_search-card
153,https://in.linkedin.com/jobs/view/bussiness-analyst-at-fusion-plus-solutions-inc-3768010290?refId=C028Q%2F9sjCbrrrRXmWxWDw%3D%3D&trackingId=fzP1RXguM74%2F%2FPNOoDQxIw%3D%3D&position=8&pageNum=6&trk=public_jobs_jserp-result_search-card
154,https://in.linkedin.com/jobs/view/business-analyst-at-fusion-plus-solutions-inc-3768012136?refId=C028Q%2F9sjCbrrrRXmWxWDw%3D%3D&trackingId=4pkrqu6w46PxOgPFGkYAGQ%3D%3D&position=9&pageNum=6&trk=public_jobs_jserp-result_search-card
155,https://in.linkedin.com/jobs/view/business-analyst-consultant-at-data-intensity-3674609434?refId=C028Q%2F9sjCbrrrRXmWxWDw%3D%3D&trackingId=jWRuwHMuGWxxmM7IyPUgqQ%3D%3D&position=10&pageNum=6&trk=public_jobs_jserp-result_search-card
156,https://in.linkedin.com/jobs/view/recs-implementation-business-analyst-at-skillety-3626322087?refId=C028Q%2F9sjCbrrrRXmWxWDw%3D%3D&trackingId=sUi5edCQFGokeYwp4lzukQ%3D%3D&position=11&pageNum=6&trk=public_jobs_jserp-result_search-card
157,https://in.linkedin.com/jobs/view/business-analyst-at-fusion-plus-solutions-inc-3768017606?refId=C028Q%2F9sjCbrrrRXmWxWDw%3D%3D&trackingId=BUmkT2uqhvppnXFk7SP8HQ%3D%3D&position=12&pageNum=6&trk=public_jobs_jserp-result_search-card
158,https://in.linkedin.com/jobs/view/iam-business-analyst-at-rapid-consulting-services-3800562316?refId=C028Q%2F9sjCbrrrRXmWxWDw%3D%3D&trackingId=CRqCBnnH4a49kLAVEr%2Fa4g%3D%3D&position=14&pageNum=6&trk=public_jobs_jserp-result_search-card
159,https://in.linkedin.com/jobs/view/business-analyst-servicenow-csm-at-experian-3809342613?refId=C028Q%2F9sjCbrrrRXmWxWDw%3D%3D&trackingId=%2Fv1UmDYXXIzu%2FRif%2Bw0PQA%3D%3D&position=15&pageNum=6&trk=public_jobs_jserp-result_search-card
160,https://in.linkedin.com/jobs/view/business-analyst-ii-adobe-experience-manager-content-management-system-at-s-p-global-3762951960?refId=C028Q%2F9sjCbrrrRXmWxWDw%3D%3D&trackingId=0V4m1Vt6USeu2649PrwMHw%3D%3D&position=16&pageNum=6&trk=public_jobs_jserp-result_search-card
161,https://in.linkedin.com/jobs/view/business-analyst-at-revalsys-technologies-3807131092?refId=C028Q%2F9sjCbrrrRXmWxWDw%3D%3D&trackingId=Dsp2AHkRW79urSKB7ayCJw%3D%3D&position=17&pageNum=6&trk=public_jobs_jserp-result_search-card
162,https://in.linkedin.com/jobs/view/business-analyst-gsc%E2%80%99s-at-hsbc-3793314404?refId=C028Q%2F9sjCbrrrRXmWxWDw%3D%3D&trackingId=YmDA1sDYAB1R35TzSLQQgg%3D%3D&position=18&pageNum=6&trk=public_jobs_jserp-result_search-card
163,https://in.linkedin.com/jobs/view/business-analyst-iii-at-park-place-technologies-3729410602?refId=C028Q%2F9sjCbrrrRXmWxWDw%3D%3D&trackingId=zKk9FF4n86q6ZPaqtsQUsQ%3D%3D&position=19&pageNum=6&trk=public_jobs_jserp-result_search-card
164,https://in.linkedin.com/jobs/view/business-analyst-materials-at-ge-appliances-a-haier-company-3789101337?refId=C028Q%2F9sjCbrrrRXmWxWDw%3D%3D&trackingId=ffT4FB40afc4mXXS4%2Fja3w%3D%3D&position=20&pageNum=6&trk=public_jobs_jserp-result_search-card
165,https://in.linkedin.com/jobs/view/business-analyst-finops-gar-assurance-at-amazon-3749377403?refId=C028Q%2F9sjCbrrrRXmWxWDw%3D%3D&trackingId=unCAZSwGNmnSnqLvJJ%2FrBg%3D%3D&position=21&pageNum=6&trk=public_jobs_jserp-result_search-card
166,https://in.linkedin.com/jobs/view/business-analyst-at-fusion-plus-solutions-inc-3768017677?refId=C028Q%2F9sjCbrrrRXmWxWDw%3D%3D&trackingId=HW4UsMXLY6E0lLVFRNo8WQ%3D%3D&position=22&pageNum=6&trk=public_jobs_jserp-result_search-card
167,https://in.linkedin.com/jobs/view/business-analyst-at-fusion-plus-solutions-inc-3768014872?refId=C028Q%2F9sjCbrrrRXmWxWDw%3D%3D&trackingId=JdMknpOrcYZus08iH%2FbGyg%3D%3D&position=23&pageNum=6&trk=public_jobs_jserp-result_search-card
168,https://in.linkedin.com/jobs/view/senior-analyst-cmg-storyteller-at-deloitte-3790795745?refId=C028Q%2F9sjCbrrrRXmWxWDw%3D%3D&trackingId=lCC3cvah8cATvFXz%2BfoYYQ%3D%3D&position=24&pageNum=6&trk=public_jobs_jserp-result_search-card
169,https://in.linkedin.com/jobs/view/business-analyst-experienced-at-revalsys-technologies-3792882815?refId=C028Q%2F9sjCbrrrRXmWxWDw%3D%3D&trackingId=MTuMbG9Z8DeoPwvlF%2BwDZA%3D%3D&position=25&pageNum=6&trk=public_jobs_jserp-result_search-card
170,https://in.linkedin.com/jobs/view/business-analyst-iv-at-realpage-inc-3810319159?refId=XE9Idm4%2BHPo7TMBQvy7fdw%3D%3D&trackingId=%2FDcMhNX7wGz3RqLN0O1vBw%3D%3D&position=1&pageNum=7&trk=public_jobs_jserp-result_search-card
171,https://in.linkedin.com/jobs/view/business-analyst-iii-at-f5-3771565463?refId=XE9Idm4%2BHPo7TMBQvy7fdw%3D%3D&trackingId=gP4Rl3i2lCmn7bdrHqcwbw%3D%3D&position=2&pageNum=7&trk=public_jobs_jserp-result_search-card
172,https://in.linkedin.com/jobs/view/business-analyst-at-fusion-plus-solutions-inc-3768023142?refId=XE9Idm4%2BHPo7TMBQvy7fdw%3D%3D&trackingId=z3M%2BRp3UB%2FxeSvPm4t4%2BXw%3D%3D&position=3&pageNum=7&trk=public_jobs_jserp-result_search-card
173,https://in.linkedin.com/jobs/view/business-analyst-at-peoplesense-management-consultants-pvt-ltd-3787491525?refId=XE9Idm4%2BHPo7TMBQvy7fdw%3D%3D&trackingId=KOxupPlQ1OeQa8ZNgmBHrw%3D%3D&position=4&pageNum=7&trk=public_jobs_jserp-result_search-card
174,https://in.linkedin.com/jobs/view/business-analyst-iii-t-at-realpage-inc-3778600731?refId=XE9Idm4%2BHPo7TMBQvy7fdw%3D%3D&trackingId=b3GRMBSxlWBJPPK5i7B%2BcA%3D%3D&position=5&pageNum=7&trk=public_jobs_jserp-result_search-card
175,https://in.linkedin.com/jobs/view/business-analyst-iii-t-at-realpage-inc-3778604096?refId=XE9Idm4%2BHPo7TMBQvy7fdw%3D%3D&trackingId=pO5qwL8nUHCyyD0GKm19Rg%3D%3D&position=6&pageNum=7&trk=public_jobs_jserp-result_search-card
176,https://in.linkedin.com/jobs/view/business-analyst-iii-t-at-realpage-inc-3778497753?refId=XE9Idm4%2BHPo7TMBQvy7fdw%3D%3D&trackingId=4rUcsCT9wVWs%2BS62KFGCSQ%3D%3D&position=7&pageNum=7&trk=public_jobs_jserp-result_search-card
177,https://in.linkedin.com/jobs/view/business-analyst-at-tmi-network-3750113731?refId=XE9Idm4%2BHPo7TMBQvy7fdw%3D%3D&trackingId=Kdc9cFN2KDqr1gb7DLGh8g%3D%3D&position=8&pageNum=7&trk=public_jobs_jserp-result_search-card
178,https://in.linkedin.com/jobs/view/business-analyst-with-supply-chain-at-ideslabs-private-limited-3793682490?refId=XE9Idm4%2BHPo7TMBQvy7fdw%3D%3D&trackingId=QqIPSnMwDMELimCMOTl78g%3D%3D&position=9&pageNum=7&trk=public_jobs_jserp-result_search-card
179,https://in.linkedin.com/jobs/view/business-analyst-servicenow-at-solugenix-3806120497?refId=XE9Idm4%2BHPo7TMBQvy7fdw%3D%3D&trackingId=DD6wZBVJAYbQpStSEQeuSg%3D%3D&position=10&pageNum=7&trk=public_jobs_jserp-result_search-card
180,https://in.linkedin.com/jobs/view/marketing-analyst-requirement-at-fusion-plus-solutions-inc-3768017529?refId=XE9Idm4%2BHPo7TMBQvy7fdw%3D%3D&trackingId=fWSStEBt1tOy2Ynjf9uZxw%3D%3D&position=11&pageNum=7&trk=public_jobs_jserp-result_search-card
181,https://in.linkedin.com/jobs/view/business-analyst-servicenow-csm-at-acca-careers-3810065181?refId=XE9Idm4%2BHPo7TMBQvy7fdw%3D%3D&trackingId=rXWFrWTmqzjM2NgEE4Yt8A%3D%3D&position=12&pageNum=7&trk=public_jobs_jserp-result_search-card
182,https://in.linkedin.com/jobs/view/business-analyst-rohan-awasthi-at-fusion-plus-solutions-inc-3768018321?refId=XE9Idm4%2BHPo7TMBQvy7fdw%3D%3D&trackingId=IiwAuNz7jDwmHDsfZDH9jA%3D%3D&position=13&pageNum=7&trk=public_jobs_jserp-result_search-card
183,https://in.linkedin.com/jobs/view/guidewire-billing-center-business-analyst-at-rapid-consulting-services-3792905546?refId=XE9Idm4%2BHPo7TMBQvy7fdw%3D%3D&trackingId=%2BcEKgDPvXFGIJ5Flii4zMg%3D%3D&position=14&pageNum=7&trk=public_jobs_jserp-result_search-card
184,https://in.linkedin.com/jobs/view/guidewire-policy-center-business-analyst-at-rapid-consulting-services-3797598660?refId=XE9Idm4%2BHPo7TMBQvy7fdw%3D%3D&trackingId=RtHaGsyiYvea%2Fzodf9TzIA%3D%3D&position=15&pageNum=7&trk=public_jobs_jserp-result_search-card
185,https://in.linkedin.com/jobs/view/business-analyst-treasury-finance-at-dexian-india-3804197335?refId=XE9Idm4%2BHPo7TMBQvy7fdw%3D%3D&trackingId=gAYK7MVl5AgJGgo1abMLZw%3D%3D&position=16&pageNum=7&trk=public_jobs_jserp-result_search-card
186,https://in.linkedin.com/jobs/view/market-research-analyst-consumer-products-hyderabad-or-gurgaon-at-capital-placement-services-gurgaon-delhi-noida-manesar-bawal-neemrana-bhiwadi-sohna-road-3792382561?refId=XE9Idm4%2BHPo7TMBQvy7fdw%3D%3D&trackingId=hnQckTHw%2FobTKfYw2%2BE7ow%3D%3D&position=17&pageNum=7&trk=public_jobs_jserp-result_search-card
187,https://in.linkedin.com/jobs/view/business-analyst-supply-chain-logistic-solutions-technology-at-sandoz-india-pvt-ltd-3809993498?refId=XE9Idm4%2BHPo7TMBQvy7fdw%3D%3D&trackingId=U8SjbmA3gZgER%2BK0T%2Fqmvg%3D%3D&position=18&pageNum=7&trk=public_jobs_jserp-result_search-card
188,https://in.linkedin.com/jobs/view/business-analyst-ii-roc-roc-at-amazon-3739906049?refId=XE9Idm4%2BHPo7TMBQvy7fdw%3D%3D&trackingId=eeDJ8CPg9rPKTauohHBzuw%3D%3D&position=19&pageNum=7&trk=public_jobs_jserp-result_search-card
189,https://in.linkedin.com/jobs/view/business-analyst-finance-at-carrier-3583228790?refId=XE9Idm4%2BHPo7TMBQvy7fdw%3D%3D&trackingId=LucG9vrnJ6WvySRNx1VgvQ%3D%3D&position=20&pageNum=7&trk=public_jobs_jserp-result_search-card
190,https://in.linkedin.com/jobs/view/marketing-manager-at-storytech-3627625176?refId=XE9Idm4%2BHPo7TMBQvy7fdw%3D%3D&trackingId=iQ6mU2yDjd4ezTPfNUf%2BAQ%3D%3D&position=21&pageNum=7&trk=public_jobs_jserp-result_search-card
191,https://in.linkedin.com/jobs/view/business-analyst-cib-at-alp-consulting-ltd-3707084036?refId=XE9Idm4%2BHPo7TMBQvy7fdw%3D%3D&trackingId=mMXqC9nypjafGwMw0zzLIw%3D%3D&position=22&pageNum=7&trk=public_jobs_jserp-result_search-card
192,https://in.linkedin.com/jobs/view/business-analyst-insurance-brokerage-at-ltimindtree-3777544790?refId=XE9Idm4%2BHPo7TMBQvy7fdw%3D%3D&trackingId=Sm2q7mOEo7nZENecNL2Y8w%3D%3D&position=23&pageNum=7&trk=public_jobs_jserp-result_search-card
193,https://in.linkedin.com/jobs/view/business-analyst-at-fusion-plus-solutions-inc-3768007800?refId=XE9Idm4%2BHPo7TMBQvy7fdw%3D%3D&trackingId=8%2Bb5uFAYgYDLhjGz40PNOQ%3D%3D&position=24&pageNum=7&trk=public_jobs_jserp-result_search-card
194,https://in.linkedin.com/jobs/view/business-analyst-at-fusion-plus-solutions-inc-3768007667?refId=XE9Idm4%2BHPo7TMBQvy7fdw%3D%3D&trackingId=83jWAmbDTKQTLdDhSwCw2Q%3D%3D&position=25&pageNum=7&trk=public_jobs_jserp-result_search-card
195,https://in.linkedin.com/jobs/view/business-analyst-at-nr-consulting-3768024271?refId=J0gyXbAfEYkAhzKRiRq9iQ%3D%3D&trackingId=rqbI%2F3OWIq%2BTeLqaMtcmJQ%3D%3D&position=1&pageNum=8&trk=public_jobs_jserp-result_search-card
196,https://in.linkedin.com/jobs/view/content-marketing-assistant-manager-at-highradius-3796364652?refId=J0gyXbAfEYkAhzKRiRq9iQ%3D%3D&trackingId=ryK%2BUjPGWDiLz%2FJe3892rQ%3D%3D&position=2&pageNum=8&trk=public_jobs_jserp-result_search-card
197,https://in.linkedin.com/jobs/view/avaloq-business-analyst-avaloq-developer-at-talpro-leaders-in-technology-hiring-3779903427?refId=J0gyXbAfEYkAhzKRiRq9iQ%3D%3D&trackingId=z6UikcIdsSb2qEVrofpwzA%3D%3D&position=3&pageNum=8&trk=public_jobs_jserp-result_search-card
198,https://in.linkedin.com/jobs/view/business-analyst-ashima-at-fusion-plus-solutions-inc-3768013154?refId=J0gyXbAfEYkAhzKRiRq9iQ%3D%3D&trackingId=N%2FeUfrwpMfXq%2FncAbCOnpA%3D%3D&position=4&pageNum=8&trk=public_jobs_jserp-result_search-card
199,https://in.linkedin.com/jobs/view/director-ba-mas-microsoft-at-rsm-us-llp-3777080999?refId=J0gyXbAfEYkAhzKRiRq9iQ%3D%3D&trackingId=Fstzcekyg05q8ZzQn7x5nQ%3D%3D&position=5&pageNum=8&trk=public_jobs_jserp-result_search-card
200,https://in.linkedin.com/jobs/view/guidewire-claimcenter-business-analsyt-at-rapid-consulting-services-3798101588?refId=J0gyXbAfEYkAhzKRiRq9iQ%3D%3D&trackingId=CsD2jJ6D0vloDDPaOUk5MQ%3D%3D&position=6&pageNum=8&trk=public_jobs_jserp-result_search-card
201,https://in.linkedin.com/jobs/view/business-analyst-insurance-brokerage-at-ltimindtree-3777547407?refId=J0gyXbAfEYkAhzKRiRq9iQ%3D%3D&trackingId=nCfd8o5eS6mhdQE34Zu%2BDQ%3D%3D&position=7&pageNum=8&trk=public_jobs_jserp-result_search-card
202,https://in.linkedin.com/jobs/view/servicenow-ba-at-talpro-leaders-in-technology-hiring-3779900933?refId=J0gyXbAfEYkAhzKRiRq9iQ%3D%3D&trackingId=KS5eUwGnVlWDBS5LtFiGqA%3D%3D&position=8&pageNum=8&trk=public_jobs_jserp-result_search-card
203,https://in.linkedin.com/jobs/view/business-analyst-reactjs-developer-at-blue-yonder-3782160182?refId=J0gyXbAfEYkAhzKRiRq9iQ%3D%3D&trackingId=X8Ntn%2Boz9CVkJxlIGr0fcg%3D%3D&position=9&pageNum=8&trk=public_jobs_jserp-result_search-card
204,https://in.linkedin.com/jobs/view/pkf-littlejohn-bas-manager-accounting-manager-uk-at-talent-formula-3801233701?refId=J0gyXbAfEYkAhzKRiRq9iQ%3D%3D&trackingId=qCrCVh35isrgoKc4urzqSQ%3D%3D&position=10&pageNum=8&trk=public_jobs_jserp-result_search-card
205,https://in.linkedin.com/jobs/view/servicenow-business-analyst-senior-at-ey-3801921703?refId=J0gyXbAfEYkAhzKRiRq9iQ%3D%3D&trackingId=S1hWlUNFQ6crEjenqQ9tjA%3D%3D&position=11&pageNum=8&trk=public_jobs_jserp-result_search-card
206,https://in.linkedin.com/jobs/view/eis-business-analyst-at-epam-systems-3784532909?refId=J0gyXbAfEYkAhzKRiRq9iQ%3D%3D&trackingId=QzXFo2iHXxvvGz25yMeJ%2Fw%3D%3D&position=12&pageNum=8&trk=public_jobs_jserp-result_search-card
207,https://in.linkedin.com/jobs/view/ba-at-fusion-plus-solutions-inc-3768012054?refId=J0gyXbAfEYkAhzKRiRq9iQ%3D%3D&trackingId=9fEDS1mXyQP32Czsp58QjA%3D%3D&position=13&pageNum=8&trk=public_jobs_jserp-result_search-card
208,https://in.linkedin.com/jobs/view/ba-at-fusion-plus-solutions-inc-3768014006?refId=J0gyXbAfEYkAhzKRiRq9iQ%3D%3D&trackingId=ftOjOvo0xQh9nkFPjJK%2BuA%3D%3D&position=14&pageNum=8&trk=public_jobs_jserp-result_search-card
209,https://in.linkedin.com/jobs/view/looking-for-business-analyst-finance-at-revalsys-technologies-3808507706?refId=J0gyXbAfEYkAhzKRiRq9iQ%3D%3D&trackingId=eNQRH2TZfr%2BFLuV3kgvpMA%3D%3D&position=15&pageNum=8&trk=public_jobs_jserp-result_search-card
210,https://in.linkedin.com/jobs/view/ba-d365-f-sc-sr-associate-at-rsm-us-llp-3777085503?refId=J0gyXbAfEYkAhzKRiRq9iQ%3D%3D&trackingId=vsy0IXNqiGgYIQ%2FbsswF6g%3D%3D&position=16&pageNum=8&trk=public_jobs_jserp-result_search-card
211,https://in.linkedin.com/jobs/view/ba-d365-f-sc-sr-associate-at-rsm-us-llp-3777083635?refId=J0gyXbAfEYkAhzKRiRq9iQ%3D%3D&trackingId=KmjNBO%2BwVaYJakXOFkP2VA%3D%3D&position=17&pageNum=8&trk=public_jobs_jserp-result_search-card
212,https://in.linkedin.com/jobs/view/emea-wms-business-analyst-at-ideslabs-private-limited-3793677684?refId=J0gyXbAfEYkAhzKRiRq9iQ%3D%3D&trackingId=zRlaLQ4DxviMfgifkS4%2FnA%3D%3D&position=18&pageNum=8&trk=public_jobs_jserp-result_search-card
213,https://in.linkedin.com/jobs/view/core-business-ba-experience-requirement-gathering-stakeholder-management-capturing-as-is-process-at-fusion-plus-solutions-inc-3768012539?refId=J0gyXbAfEYkAhzKRiRq9iQ%3D%3D&trackingId=A7M5lNExUMr%2FUNym4fV%2FMw%3D%3D&position=19&pageNum=8&trk=public_jobs_jserp-result_search-card
214,https://in.linkedin.com/jobs/view/payment-product-owner-business-analyst-at-fusion-plus-solutions-inc-3768020311?refId=J0gyXbAfEYkAhzKRiRq9iQ%3D%3D&trackingId=os7%2Bto%2FDYn0ONoR3AylmMQ%3D%3D&position=20&pageNum=8&trk=public_jobs_jserp-result_search-card
215,https://in.linkedin.com/jobs/view/ba-d365-enterprise-manager-at-rsm-us-llp-3777081911?refId=J0gyXbAfEYkAhzKRiRq9iQ%3D%3D&trackingId=kVR5MCPbItKmF3WXqaBL7A%3D%3D&position=21&pageNum=8&trk=public_jobs_jserp-result_search-card
216,https://in.linkedin.com/jobs/view/ba-d365-enterprise-manager-at-rsm-us-llp-3777087291?refId=J0gyXbAfEYkAhzKRiRq9iQ%3D%3D&trackingId=xrsYOfdkTR46SMQOgUsD0Q%3D%3D&position=22&pageNum=8&trk=public_jobs_jserp-result_search-card
217,https://in.linkedin.com/jobs/view/major-markets-sp-pt-business-analyst-ii-at-bristol-myers-squibb-3806363697?refId=J0gyXbAfEYkAhzKRiRq9iQ%3D%3D&trackingId=Edr1%2BieQ16kHI%2Fps9cuoVA%3D%3D&position=23&pageNum=8&trk=public_jobs_jserp-result_search-card
218,https://in.linkedin.com/jobs/view/ba-d365-bc-manager-at-rsm-us-llp-3777081896?refId=J0gyXbAfEYkAhzKRiRq9iQ%3D%3D&trackingId=G7oGLzVS9DeGiFiie%2BDLpA%3D%3D&position=24&pageNum=8&trk=public_jobs_jserp-result_search-card
219,https://in.linkedin.com/jobs/view/ba-mas-microsoft-f-o-associate-manager-at-rsm-us-llp-3777086321?refId=J0gyXbAfEYkAhzKRiRq9iQ%3D%3D&trackingId=Vv1w7GlM%2FLTMjh3OJCMxzg%3D%3D&position=25&pageNum=8&trk=public_jobs_jserp-result_search-card
220,https://in.linkedin.com/jobs/view/marketing-analyst-bangkok-based-relocation-provided-at-agoda-3799099925?refId=aDD6kp5ksICmYkNtHZpqEw%3D%3D&trackingId=DyESDQKhYdG%2B7HnpQDMhmQ%3D%3D&position=1&pageNum=9&trk=public_jobs_jserp-result_search-card
221,https://in.linkedin.com/jobs/view/policy-ba-at-aggne-3801232843?refId=aDD6kp5ksICmYkNtHZpqEw%3D%3D&trackingId=G1qkHn%2BGgoM9r3XXvUQs%2BQ%3D%3D&position=2&pageNum=9&trk=public_jobs_jserp-result_search-card
222,https://in.linkedin.com/jobs/view/loan-iq-ba-at-synechron-3799289319?refId=aDD6kp5ksICmYkNtHZpqEw%3D%3D&trackingId=sd39ByCj2UohNp8QzJXd1w%3D%3D&position=3&pageNum=9&trk=public_jobs_jserp-result_search-card
223,https://in.linkedin.com/jobs/view/ba-mas-microsoft-fs-supv-at-rsm-us-llp-3777087198?refId=aDD6kp5ksICmYkNtHZpqEw%3D%3D&trackingId=lR4v5Gg5X%2Bvx8Wwm26cXjA%3D%3D&position=4&pageNum=9&trk=public_jobs_jserp-result_search-card
224,https://in.linkedin.com/jobs/view/ba-core-banking-at-fusion-plus-solutions-inc-3768007901?refId=aDD6kp5ksICmYkNtHZpqEw%3D%3D&trackingId=XQcAfNS%2BmjQhY844u16xyw%3D%3D&position=5&pageNum=9&trk=public_jobs_jserp-result_search-card
225,https://in.linkedin.com/jobs/view/ba-core-banking-at-fusion-plus-solutions-inc-3768012063?refId=aDD6kp5ksICmYkNtHZpqEw%3D%3D&trackingId=ykXyoSTYIyXcvqR3KNJkjw%3D%3D&position=6&pageNum=9&trk=public_jobs_jserp-result_search-card
226,https://in.linkedin.com/jobs/view/data-analyst-etl-power-bi-at-kanoki-naturals-3789592604?refId=aDD6kp5ksICmYkNtHZpqEw%3D%3D&trackingId=Df4FU%2BQT4r0Gn9KCZO%2BlQw%3D%3D&position=7&pageNum=9&trk=public_jobs_jserp-result_search-card
227,https://in.linkedin.com/jobs/view/data-analyst-power-bi-at-carbynetech-3656594937?refId=aDD6kp5ksICmYkNtHZpqEw%3D%3D&trackingId=xLkF%2FNKeZGCFsuK21LC%2FsQ%3D%3D&position=8&pageNum=9&trk=public_jobs_jserp-result_search-card
228,https://in.linkedin.com/jobs/view/business-data-analyst-at-iquest-solutions-corporation-3677454960?refId=aDD6kp5ksICmYkNtHZpqEw%3D%3D&trackingId=x6%2FJSyIzFFMEVqe83e4YQg%3D%3D&position=9&pageNum=9&trk=public_jobs_jserp-result_search-card
229,https://in.linkedin.com/jobs/view/talent-analytics-at-highradius-3800579907?refId=aDD6kp5ksICmYkNtHZpqEw%3D%3D&trackingId=z7baSX%2Fyt8ggJceHmN2AAg%3D%3D&position=10&pageNum=9&trk=public_jobs_jserp-result_search-card
230,https://in.linkedin.com/jobs/view/facebook-ads-analyst-at-distacart-3612329287?refId=aDD6kp5ksICmYkNtHZpqEw%3D%3D&trackingId=4a0%2BXyfUg7ZK9EJ7ENV3Gg%3D%3D&position=11&pageNum=9&trk=public_jobs_jserp-result_search-card
231,https://in.linkedin.com/jobs/view/business-data-analyst-hyderabad-at-uplers-3799165755?refId=aDD6kp5ksICmYkNtHZpqEw%3D%3D&trackingId=Tsr1ZYEm0hZ2fkBCODa2LQ%3D%3D&position=12&pageNum=9&trk=public_jobs_jserp-result_search-card
232,https://in.linkedin.com/jobs/view/computronics-system-power-bi-developer-data-modelling-amp-analysis-at-computronics-systems-india-private-limited-3776622116?refId=aDD6kp5ksICmYkNtHZpqEw%3D%3D&trackingId=5gaB0FGLTLc6E9XAPIbyQA%3D%3D&position=13&pageNum=9&trk=public_jobs_jserp-result_search-card
233,https://in.linkedin.com/jobs/view/senior-analyst-inv-performance-risk-at-franklin-templeton-india-3682722584?refId=aDD6kp5ksICmYkNtHZpqEw%3D%3D&trackingId=z%2Bz9LqixSvJIWV9dCP7SVg%3D%3D&position=14&pageNum=9&trk=public_jobs_jserp-result_search-card
234,https://in.linkedin.com/jobs/view/marketing-technical-analyst-at-thomson-reuters-3798878735?refId=aDD6kp5ksICmYkNtHZpqEw%3D%3D&trackingId=ItsrpnPfYAEoy6kwcPv9YQ%3D%3D&position=15&pageNum=9&trk=public_jobs_jserp-result_search-card
235,https://in.linkedin.com/jobs/view/business-analyst-quant-at-infosys-3797813268?refId=aDD6kp5ksICmYkNtHZpqEw%3D%3D&trackingId=f2kPjynBgtaxiHwbrHzRqQ%3D%3D&position=19&pageNum=9&trk=public_jobs_jserp-result_search-card
236,https://in.linkedin.com/jobs/view/digital-marketing-specialist-at-kloudportal-%E2%84%A2-saas-product-marketing-3806686523?refId=aDD6kp5ksICmYkNtHZpqEw%3D%3D&trackingId=Mh4HvQmRcNoQq7f1gkbwNA%3D%3D&position=20&pageNum=9&trk=public_jobs_jserp-result_search-card
237,https://in.linkedin.com/jobs/view/marketing-technical-analyst-at-reuters-news-agency-3799006492?refId=aDD6kp5ksICmYkNtHZpqEw%3D%3D&trackingId=qq3LVMuOtZPsVJYMrjbArQ%3D%3D&position=21&pageNum=9&trk=public_jobs_jserp-result_search-card
238,https://in.linkedin.com/jobs/view/lead-data-analyst-%E2%80%93-marketing-strategy-analytics-bangkok-based-relocation-provided-at-agoda-3805445439?refId=aDD6kp5ksICmYkNtHZpqEw%3D%3D&trackingId=llFgocWlZgwPPKmV7pcVXg%3D%3D&position=22&pageNum=9&trk=public_jobs_jserp-result_search-card
239,https://in.linkedin.com/jobs/view/business-analyst-investment-accounting-at-franklin-templeton-india-3803729835?refId=aDD6kp5ksICmYkNtHZpqEw%3D%3D&trackingId=FNjsdW3lnwZpcwHlsYDIQw%3D%3D&position=23&pageNum=9&trk=public_jobs_jserp-result_search-card
240,https://in.linkedin.com/jobs/view/lkng-for-business-analyst-financial-accounting-exp-at-revalsys-technologies-3799535321?refId=aDD6kp5ksICmYkNtHZpqEw%3D%3D&trackingId=liK6HMjwnzkNYmbFFYtg6A%3D%3D&position=24&pageNum=9&trk=public_jobs_jserp-result_search-card
241,https://in.linkedin.com/jobs/view/business-analyst-ii-ar-global-vendor-holdbacks-at-amazon-3768743057?refId=aDD6kp5ksICmYkNtHZpqEw%3D%3D&trackingId=5Fe1oJ6FpJRKsWUYLZA5YA%3D%3D&position=25&pageNum=9&trk=public_jobs_jserp-result_search-card
242,https://in.linkedin.com/jobs/view/principal-business-analyst-reference-data-operations-at-ice-3694201482?refId=lBzPpazP8SeClBVtWeJMhg%3D%3D&trackingId=FPlR%2FRBijAMt26Ugr5Lsbw%3D%3D&position=2&pageNum=10&trk=public_jobs_jserp-result_search-card
243,https://in.linkedin.com/jobs/view/content-marketing-at-highradius-3794019843?refId=lBzPpazP8SeClBVtWeJMhg%3D%3D&trackingId=6HcdbzbnDazZBaUgoY9Zxw%3D%3D&position=4&pageNum=10&trk=public_jobs_jserp-result_search-card
